Mix_ID,Cement (kg),Water (kg),Strength (Mpa)
102,320,140,30.135
101,300,150,26.669999999999998
103,280,160,24.255000000000003
